<?xml version="1.0" encoding="UTF-8" standalone="yes"?>
<addon id="plugin.video.FMG"
       name="Find My Game"
       version="2.01"
       provider-name="BlueBuilds, EchoCoder">
  <requires>
    <import addon="xbmc.python" version="2.1.0"/>
  </requires>
  <extension point="xbmc.python.pluginsource" library="default.py">
    <provides>video</provides>
  </extension>
  <extension point="xbmc.addon.metadata">
    <summary lang="en">Find a stream for Your Game</summary>
    <description lang="en">Easy Way To Find which Add-on is showing your game. Thankyou to Metal Kettle, Echo and Marty Man for their assisance. Also thanks to all the Devs that have agreed to take part in this project.</description>
    <disclaimer lang="en"></disclaimer>
	<platform>all</platform>
  </extension>
</addon>
