<?xml version="1.0" encoding="UTF-8" standalone="yes"?>
<addon id="plugin.video.teevie" 
	     name="Teevie" 
	     version="1.00"
	     provider-name="Echo Coder">
  <requires>
    <import addon="xbmc.python" version="2.1.0"/>
	<import addon="script.module.requests" version="2.9.1"/>
    <import addon="plugin.video.f4mTester" optional="true"/>
    <import addon="script.video.F4mProxy" optional="true"/>
  </requires>
  <extension point="xbmc.python.pluginsource" library="default.py">
        <provides>video</provides>
  </extension> 
  <extension point="xbmc.addon.metadata">
    <platform>all</platform>
    <summary lang="en">Twitter Support: @echo_coding</summary>
    <description lang="en">Teevie brings you an unbelievable amount of IPTV channels from ALL OVER THE WORLD!</description>
    <disclaimer lang="en"></disclaimer>
    <language></language>
    <platform>all</platform>
    <license>GNU GENERAL PUBLIC LICENSE. Version 2, June 1991</license>
    <forum>http://www.echocoder.com</forum>
    <website>http://www.echocoder.com</website>
    <email>echocoder@protonmail.com</email>
  </extension>
</addon>