<?xml version="1.0" encoding="UTF-8" standalone="yes"?>
<addon id="plugin.video.sportie" 
	     name="Sportie" 
	     version="1.16"
	     provider-name="Sportie / Echo Coder">
  <requires>
    <import addon="xbmc.python" version="2.1.0"/>
    <import addon="plugin.video.f4mTester" version="2.7.1"/>
    <import addon="script.module.simplejson"/>
  </requires>
  <extension point="xbmc.python.pluginsource" library="default.py">
        <provides>video</provides>
  </extension> 
  <extension point="xbmc.addon.metadata">
    <platform>all</platform>
    <summary lang="en">Living the stream... Twitter Support: @sportiestreams @EchoCoder</summary>
    <description lang="en">Living the stream... Twitter Support: @sportiestreams @EchoCoder</description>
    <disclaimer lang="en"></disclaimer>
    <language></language>
    <platform>all</platform>
    <license>GNU GENERAL PUBLIC LICENSE. Version 2, June 1991</license>
    <forum>http://www.echocoder.com</forum>
    <website>http://www.echocoder.com</website>
    <email>echocoder@protonmail.com</email>
  </extension>
</addon>