<?xml version="1.0" encoding="UTF-8" standalone="yes"?>
<addon id="plugin.video.FMG"
       name=".[COLOR green]Find[/COLOR][COLOR red] My[/COLOR][COLOR green] Game[/COLOR]."
       version="1.4"
       provider-name="BlueBuilds">
  <requires>
    <import addon="xbmc.python" version="2.1.0"/>
	<import addon="script.module.t0mm0.common" version="2.0.0"/>
    <import addon="script.module.beautifulsoup" version="3.2.1"/>
    <import addon="script.module.simple.downloader" version="0.9.4"/>
    <import addon="script.module.beautifulsoup4" />
    <import addon="script.module.simple.downloader" version="0.9.4"/>
    <import addon="script.module.requests" />
    <import addon="script.module.httplib2" />
    <import addon="script.module.youtube.dl" optional="true"/>
    <import addon="plugin.video.youtube" version="3.0.0"/>
    <import addon="script.module.urlresolver" optional="true"/>
    <import addon="script.module.simplejson" /> 
    <import addon="script.common.plugin.cache" version="2.5.2"/>
    <import addon="script.module.metahandler" version="2.5.1"/>

  </requires>
  <extension point="xbmc.python.pluginsource" library="default.py">
    <provides>video</provides>
  </extension>
  <extension point="xbmc.addon.metadata">
    <summary lang="en">Find a stream for Your Game</summary>
    <description lang="en">Easy Way To Find which Add-on is showing your game. Thankyou to Metal Kettle, Echo and Marty Man for their assisance. Also thanks to all the Devs that have agreed to take part in this project.</description>
    <disclaimer lang="en">Based on Simple Kore Template</disclaimer>
	<platform>all</platform>
  </extension>
</addon>
