<?xml version="1.0" encoding="UTF-8" standalone="yes"?>
<addon id="plugin.video.sportie" name="Sportie" version="1.00" provider-name="Sportie">
  <requires>
    <import addon="xbmc.python" version="2.1.0"/>
    <import addon="script.module.simplejson"/>
    <import addon="script.module.urlresolver"/>
    <import addon="script.module.t0mm0.common" />
    <import addon="script.module.liveresolver"/>
    <import addon="plugin.video.f4mTester"/>
	<import addon="script.module.requests" version="2.9.1"/>
    <import addon="script.video.F4mProxy"/>
    <import addon="plugin.video.SportsDevil"/>
  </requires>
  <extension point="xbmc.python.pluginsource" library="default.py">
        <provides>video</provides>
  </extension>
  <extension point="xbmc.addon.metadata">
    <summary lang="en">Living the stream....</summary>
    <description lang="en">Living the stream....</description>
    <platform>all</platform>
  </extension>
</addon>