<?xml version="1.0" encoding="UTF-8" standalone="yes"?>
<addon id="plugin.video.echocommunityplayer" 
	     name="ECHO Community Player" 
	     version="1.01"
	     provider-name="Echo Coder">
  <requires>
    <import addon="xbmc.python" version="2.1.0"/>
    <import addon="plugin.video.f4mTester" version="2.7.1"/>
  </requires>
  <extension point="xbmc.python.pluginsource" library="default.py">
        <provides>video</provides>
  </extension> 
  <extension point="xbmc.addon.metadata">
    <platform>all</platform>
    <summary lang="en">Twitter Support: @EchoCoder</summary>
    <description lang="en">Share and play a variety of differnt file extentions via urls.</description>
    <disclaimer lang="en">Share and play ts, m3u, m3u8, mp4, mkv and much much more!</disclaimer>
    <language></language>
    <platform>all</platform>
    <license>GNU GENERAL PUBLIC LICENSE. Version 2, June 1991</license>
    <forum>http://www.echocoder.com</forum>
    <website>http://www.echocoder.com</website>
    <email>echocoder@protonmail.com</email>
  </extension>
</addon>