<?xml version="1.0" encoding="UTF-8" standalone="yes"?>
<addon id="plugin.program.echotvguide" name="[COLOR lime]ECHO[/COLOR] [COLOR white]TV Guide[/COLOR]" version="1.08" provider-name="Echo Coder">

	<requires>
		<import addon="xbmc.python" version="2.19.0"/>
		<import addon="script.module.simplejson" version="3.3.0"/>
		<import addon="script.module.requests" version="2.9.1"/>
        <import addon="script.module.elementtree" version="1.2.7"/>
        <import addon="script.video.F4mProxy" optional="true"/>
        <import addon="plugin.video.f4mTester" optional="true"/>
	</requires>
		
	<extension point="xbmc.python.script" library="addon.py">
            <provides>executable video</provides>
    </extension>   
    
    <extension point="xbmc.service" library="service.py" start="login"/>
	<extension point="xbmc.addon.metadata">
	
		<summary lang="en">TV Guide allows you to combine some of your favourite live TV plugins for use with a fully working EPG</summary>
		<summary lang="en_US">TV Guide allows you to combine some of your favourite live TV plugins for use with a fully working EPG</summary>

		<description lang="en">TV Guide allows you to combine some of your favourite live TV plugins for use with a fully working EPG</description>
		<description lang="en_US">TV Guide allows you to combine some of your favourite live TV plugins for use with a fully working EPG</description>
		
		<language></language>
		<platform>all</platform>
		<license>GNU GENERAL PUBLIC LICENSE. Version 2, June 1991</license>
		<forum>http://www.tdbwizard.co.uk/forum</forum>
		<website>http://www.tdbwizard.co.uk</website>
		<email>tdbwizard@gmail.com</email>
	</extension>
</addon>
