<?xml version="1.0" encoding="UTF-8" standalone="yes"?>
<addon id="plugin.video.echoplayer" 
	     name="ECHO Player" 
	     version="1.00"
	     provider-name="Echo Coder">
  <requires>
    <import addon="xbmc.python" version="2.1.0"/>
  </requires>
  <extension point="xbmc.python.pluginsource" library="default.py">
        <provides>video</provides>
  </extension> 
  <extension point="xbmc.addon.metadata">
    <platform>all</platform>
    <summary lang="en">Twitter Support: @echo_coding</summary>
    <description lang="en">Play a variety of differnt file extentions via urls.</description>
    <disclaimer lang="en">Play ts, m3u, m3u8, mp4, mkv and much much more!</disclaimer>
    <language></language>
    <platform>all</platform>
    <license>GNU GENERAL PUBLIC LICENSE. Version 2, June 1991</license>
    <forum>http://www.echocoder.com</forum>
    <website>http://www.echocoder.com</website>
    <email>echocoder@protonmail.com</email>
  </extension>
</addon>