<?xml version="1.0" encoding="UTF-8" standalone="yes"?>
<addon id="repository.echo" name="[COLOR lime]ECHO[/COLOR] [COLOR white]Repository[/COLOR]" version="1.02" provider-name="ECHO">
	<extension point="xbmc.addon.repository" name="ECHO Repository">
	<dir>
		<info compressed="false">https://offshoregit.com/tvaresolvers/tva-common-repository/raw/master/addons.xml</info>
		<checksum>https://offshoregit.com/tvaresolvers/tva-common-repository/raw/master/addons.xml.md5</checksum>
		<datadir zip="true">https://offshoregit.com/tvaresolvers/tva-common-repository/raw/master/zips/</datadir>
	</dir>
		<info compressed="false">http://www.tdbrepo.com/git/addons.xml</info>
        <checksum>http://www.tdbrepo.com/git/addons.xml.md5</checksum>
        <datadir zip="true">http://www.tdbrepo.com/git/zips/</datadir>
	</extension>
	<extension point="xbmc.addon.metadata">
		<summary>Echo Repository</summary>
		<description>The official Echo repositroy.</description>
		<platform>all</platform>
	</extension>
</addon>
